seq	label	type
MNTINIAKNDFSDIELAAIPFNTLADHYGERLAREQLALEHESYEMGEARFRKMFERQLKAGEVADNAAAKPLITTLLPKMIARINDWFEEVKAKRGKRPTAFQFLQEIKPEAVAYITIKTTLACLTSADNTTVQAVASAIGRAIEDEARFGRIRDLEAKHFKKNVEEQLNKRVGHVYKKAFMQVVEADMLSKGLLGGEAWSSWHKEDSIHVGVRCIEMLIESTGMVSLHRQNAGVVGQDSETIELAPEYAEAIATRAGALAGISPMFQPCVVPPKPWTGITGGGYWANGRRPLALVRTHSKKALMRYEDVYMPEVYKAINIAQNTAWKINKKVLAVANVITKWKHCPVEDIPAIEREELPMKPEDIDMNPEALTAWKRAAAAVYRKDKARKSRRISLEFMLEQANKFANHKAIWFPYNMDWRGRVYAVSMFNPQGNDMTKGLLTLAKGKPIGKEGYYWLKIHGANCAGVDKVPFPERIKFIEENHENIMACAKSPLENT	00000000000000000000000000000000000000000000000001000000100000000000000000000000000000000000111111111000000000000000000000000000001000100010001000000000000000000001000010001000000000000000000000000000100001000010001000000000000000100010100101000000000000000000000000000000000000000000000000000010011100000000000000000000000000000000000000000000000000000000100000000000000000001000000010000001000000000000000000000000000011100010000000000000000000000000000000000000000000000000000000000000000000000000	0
MNTINIAKNDFSDIELAAIPFNTLADHYGERLAREQLALEHESYEMGEARFRKMFERQLKAGEVADNAAAKPLITTLLPKMIARINDWFEEVKAKRGKRPTAFQFLQEIKPEAVAYITIKTTLACLTSADNTTVQAVASAIGRAIEDEARFGRIRDLEAKHFKKNVEEQLNKRVGHVYKKAFMQVVEADMLSKGLLGGEAWSSWHKEDSIHVGVRCIEMLIESTGMVSLHRQNAGVVGQDSETIELAPEYAEAIATRAGALAGISPMFQPCVVPPKPWTGITGGGYWANGRRPLALVRTHSKKALMRYEDVYMPEVYKAINIAQNTAWKINKKVLAVANVITKWKHCPVEDIPAIEREELPMKPEDIDMNPEALTAWKRAAAAVYRKDKARKSRRISLEFMLEQANKFANHKAIWFPYNMDWRGRVYAVSMFNPQGNDMTKGLLTLAKGKPIGKEGYYWLKIHGANCAGVDKVPFPERIKFIEENHENIMACAKSPLENT	00000000000000000000000000000000000000000000000000000000000000000001000000000000000000000000000000000000000000000000000000000000000000000000000000000000000000000000000000100000000000000000000000000000000000000000000000000000000000000000000000000000000000000000000000000000000000000000000000000000000010000000000000000000000000000000000000000000000000000000000000000000000000000000000000001100110000000000000000000000000000001000000000100000000000000000000000000000000000000000000000000000000000000000	1
WWAEQDSPFCFLAFCFEYAGVQHHGLSYNCSLPLAFDGSCSGIQHFSAMLRDEVGGRAVNLLPSETVQDIYGIVAKKVNEILQADAINGTDNEVVTVTDENTGEISEKVKLGTKALAGQWLAYGVTRSVTKRSVMTLAYGSKEFGFRQQVLEDTIQPAIDSGKGLMFTQPNQAAGYMAKLIWESVSVTVVAAVEAMNWLKSAAKLLAAEVKDKKTGEILRKRCAVHWVTPDGFPVWQEYKKPIQTRLNLMFLGQFRLQPTINTNKDSEIDAHKQESGIAPNFVHSQDGSHLRKTVVWAHEKYGIESFALIHDSFGTIPADAANLFKAVRETMVDTYESCDVLADFYDQFADQLHESQLDKMPALPAKGNLNLRDILESDFAFA	00000000000000000000000000000000000000000000000000000000000000000000000000000000000000000000000000001000000000000000000000000000000000010011100110010001000100010000000000100000000000000000000000000000000000000000000000000000000000000001111000010111000000111101010100000001100000011001000000000000000000000000000000000000000000000000000000000000000000000000000000000000000000000000000	0
WWAEQDSPFCFLAFCFEYAGVQHHGLSYNCSLPLAFDGSCSGIQHFSAMLRDEVGGRAVNLLPSETVQDIYGIVAKKVNEILQADAINGTDNEVVTVTDENTGEISEKVKLGTKALAGQWLAYGVTRSVTKRSVMTLAYGSKEFGFRQQVLEDTIQPAIDSGKGLMFTQPNQAAGYMAKLIWESVSVTVVAAVEAMNWLKSAAKLLAAEVKDKKTGEILRKRCAVHWVTPDGFPVWQEYKKPIQTRLNLMFLGQFRLQPTINTNKDSEIDAHKQESGIAPNFVHSQDGSHLRKTVVWAHEKYGIESFALIHDSFGTIPADAANLFKAVRETMVDTYESCDVLADFYDQFADQLHESQLDKMPALPAKGNLNLRDILESDFAFA	00000000000000000000000000000000000000000000000000000000000000000000000000000000000000000000000000000000000000000000000000000000000000000010000000000000000000000000000000000000000000000000000000000000000000000000000000000000000000000000000000000000000001010000000000000000000000000001000000000000000000000000011100000000000000000000000000000000000000000000000000000000000000000000000	1
GSHMAKEEIIWESLSVDVGSQGNPGIVEYKGVDTKTGEVLFEREPIPIGTNNMGEFLAIVHGLRYLKERNSRKPIYSDSQTAIKWVKDKKAKSTLVRNEETALIWKLVDEAEEWLNTHTYETPILKWQTDKWGEIKANY	0000000100000000111110110000000000000000000000000111000000000000000000010000010110011000000111000000000000000000000000000010000010000000010	0
GSHMAKEEIIWESLSVDVGSQGNPGIVEYKGVDTKTGEVLFEREPIPIGTNNMGEFLAIVHGLRYLKERNSRKPIYSDSQTAIKWVKDKKAKSTLVRNEETALIWKLVDEAEEWLNTHTYETPILKWQTDKWGEIKANY	0000000000000000111111100000000000000000000000000010001000000000000000000000010100000000000000000000000000000000000000000000010010000000000	1
MQRGKVKWFNNEKGYGFIEVEGGSDVFVHFTAIQGEGFKTLEEGQEVSFEIVQGNRGPQAANVVKL	000000110111110010000000101011000000011000000000000000011110000000	0
MQRGKVKWFNNEKGYGFIEVEGGSDVFVHFTAIQGEGFKTLEEGQEVSFEIVQGNRGPQAANVVKL	000000110100100010000000101010000000000000000000000000000000000000	1
GSHMGDFVVVYTDGCCSSNGRRRPRAGIGVYWGPGHPLNVGIRLPGRQTNQRAEIHAACKAIEQAKTQNINKLVLYTNSMFTINGITNWVQGWKKNGWKTSAGKEVINKEDFVALERLTQGMDIQWMHVPGHSGFIGNEEADRLAREGAKQSED	0000000000000000001100000000000000000000000000101110000000000000000000000000000010000000100010000001100001110000000000000000000000000000000000000000000000	0
GSHMGDFVVVYTDGCCSSNGRRRPRAGIGVYWGPGHPLNVGIRLPGRQTNQRAEIHAACKAIEQAKTQNINKLVLYTNSMFTINGITNWVQGWKKNGWKTSAGKEVINKEDFVALERLTQGMDIQWMHVPGHSGFIGNEEADRLAREGAKQSED	0000000000001111011010000000000000000000000000000100010000000000000000000000010100000000000000000000000000000000000000000000000101110000000000000100000000	1
MMEYKIVENGLTYRIGNGASVPISNTGELIKGLRNYGPYEVPSLKYNQIALIHNNQFSSLINQLKSQISSKIDEVWHIHNINISEFIYDSPHFDSIKSQVDNAIDTGVDGIMLVLPEYNTPLYYKLKSYLINSIPSQFMRYDILSNRNLTFYVDNLLVQFVSKLGGKPWILNVDPEKGSDIIIGTGATRIDNVNLFCFAMVFKKDGTMLWNEISPIVTSSEYLTYLKSTIKKVVYGFKKSNPDWDVEKLTLHVSGKRPKMKDGETKILKETVEELKKQEMVSRDVKYAILHLNETHPFWVMGDPNNRFHPYEGTKVKLSSKRYLLTLLQPYLKRNGLEMVTPIKPLSVEIVSDNWTSEEYYHNVHEILDEIYYLSKMNWRGFRSRNLPVTVNYPKLVAGIIANVNRYGGYPINPEGNRSLQTNPWFL	0000000000000000000000000110010000000000000000000000000000000000000000000000000000000000000000000000000000000000000001000011001000000000111100000011011101110010001000000000000000000000000000000000000000000000000000000000000000000000000000000000000000000000000000000000000000000000000000000000000000000000000000000000000000000000000000000000000000000000000000000000000000000000010100101000000000000000000000000000000000000000001	0
MMEYKIVENGLTYRIGNGASVPISNTGELIKGLRNYGPYEVPSLKYNQIALIHNNQFSSLINQLKSQISSKIDEVWHIHNINISEFIYDSPHFDSIKSQVDNAIDTGVDGIMLVLPEYNTPLYYKLKSYLINSIPSQFMRYDILSNRNLTFYVDNLLVQFVSKLGGKPWILNVDPEKGSDIIIGTGATRIDNVNLFCFAMVFKKDGTMLWNEISPIVTSSEYLTYLKSTIKKVVYGFKKSNPDWDVEKLTLHVSGKRPKMKDGETKILKETVEELKKQEMVSRDVKYAILHLNETHPFWVMGDPNNRFHPYEGTKVKLSSKRYLLTLLQPYLKRNGLEMVTPIKPLSVEIVSDNWTSEEYYHNVHEILDEIYYLSKMNWRGFRSRNLPVTVNYPKLVAGIIANVNRYGGYPINPEGNRSLQTNPWFL	0000000000000000000000011110000000000000000000000000000000000000000000000000000000000000000000000000000000000000000011110010001000000000111100100011001100110010001000000000000000000000000000000000000000000000000000000000000000000000000000000000000000000000000000000000000000000000000000000000000000000000000000000000000000000000111001000000000000000000000000000000000000000000010100101100000000000000000000000000000000000000001	1
GSHMFYAVRRGRKTGVFLTWNECRAQVDRFPAARFKKFATEDEAWAFVRKSAS	00000100000000000001000000000000011110000000000000000	0
GSHMFYAVRRGRKTGVFLTWNECRAQVDRFPAARFKKFATEDEAWAFVRKSAS	10010000000000000000000100111111000000000000000000000	1
IVEGSDAEIGMSPWQVMLFRKSPQELLCGASLISDRWVLTAAHCLLYPPWDKNFTENDLLVRIGKHSRTRYERNIEKISMLEKIYIHPRYNWRENLDRDIALMKLKKPVAFSDYIHPVCLPDRETAASLLQAGYKGRVTGWGNLKETWTANVGKGQPSVLQVVNLPIVERPVCKDSTRIRITDNMFCAGYKPDEGKRGDACEGDSGGPFVMKSPFNNRWYQMGIVSWGEGCDRDGKYGFYTHVFRLKKWIQKVIDQFG	000000001000000000000000000000000000000000000000000000000001000001000111111001000000000000000000000000000000000001000000000000000000000000000000000000000000000000000000000000000000000000000000000000000000000000000000000000000000000000000000000000000000000000	0
IVEGSDAEIGMSPWQVMLFRKSPQELLCGASLISDRWVLTAAHCLLYPPWDKNFTENDLLVRIGKHSRTRYERNIEKISMLEKIYIHPRYNWRENLDRDIALMKLKKPVAFSDYIHPVCLPDRETAASLLQAGYKGRVTGWGNLKETWTANVGKGQPSVLQVVNLPIVERPVCKDSTRIRITDNMFCAGYKPDEGKRGDACEGDSGGPFVMKSPFNNRWYQMGIVSWGEGCDRDGKYGFYTHVFRLKKWIQKVIDQFG	000000000000000000000000000000000000000000000000000000000000000000000000000000000000001100000000010000000000000000000000001000000010000000000000000000000000000000000000111001000000001100000000000000000000000000000000000000000000000000000000000011011001000000	1
GSHMLSIYQDQEQRILKFLEELGEGKATTAHDLSGKLGTPKKEINRVLYSLAKKGKLQKEAGTPPLWKIAVSTQAWNQHSG	000000000000000000000000000000000000000011001100100000000000001110000000000000000	0
GSHMLSIYQDQEQRILKFLEELGEGKATTAHDLSGKLGTPKKEINRVLYSLAKKGKLQKEAGTPPLWKIAVSTQAWNQHSG	000000000000000000000000000000000000000011001100100000000000001100000000000000000	1
MGSSHHHHHHSSGLVPRGSHMGSVVIVGRIILSGSGSITAYSQQTRGLLGCIITSLTGRDKNQVEGEVQVVSTATQSFLATCVNGVCWTVYHGAGSKTLAGPKGPITQMYTNVDQDLVGWQAPPGARSLTPCTCGSSDLYLVTRHADVIPVRRRGDSRGSLLSPRPVSYLKGSSGGPLLCPSGHAVGIFRAAVCTRGVAKAVDFVPVESMETTMRSPVFTDNSSPPAVPQSFQVAHLHAPTGSGKSTKVPAAYAAQGYKVLVLNPSVAATLGFGAYMSKAHGIDPNIRTGVRTITTGAPVTYSTYGKFLADGGCSGGAYDIIICDECHSTDSTTILGIGTVLDQAETAGARLVVLATATPPGSVTVPHPNIEEVALSNTGEIPFYGKAIPIEAIRGGRHLIFCHSKKKCDELAAKLSGLGINAVAYYRGLDVSVIPTIGDVVVVATDALMTGYTGDFDSVIDCNTCVTQTVDFSLDPTFTIETTTVPQDAVSRSQRRGRTGRGRRGIYRFVTPGERPSGMFDSSVLCECYDAGCAWYELTPAETSVRLRAYLNTPGLPVCQDHLEFWESVFTGLTHIDAHFLSQTKQAGDNFPYLVAYQATVCARAQAPPPSWDQMWKCLIRLKPTLHGPTPLLYRLGAVQNEVTLTHPITKYIMACMSADLEVVT	000000000000000000000000000000000000000000000000000000000000000000000000000000000000000000000000000000000000000000000000000000000000000000000000000000000000000000000000000000000000000000000000000000000000000000000000000000000000000000000000000000000000000000000000111000000000000000000000110000000000000101100100000000000000000000101000000000000000000000000000000000000000000000000000000000000000000000011110000000000000000000110000000000000000010110000000000000000011100000000000001110000000000000000000000000000000000000000001000000011000000000000000000000000000000000000000000000000010101000000000000000000000000000000000000000000000000000000000000000000000000000	0
MGSSHHHHHHSSGLVPRGSHMGSVVIVGRIILSGSGSITAYSQQTRGLLGCIITSLTGRDKNQVEGEVQVVSTATQSFLATCVNGVCWTVYHGAGSKTLAGPKGPITQMYTNVDQDLVGWQAPPGARSLTPCTCGSSDLYLVTRHADVIPVRRRGDSRGSLLSPRPVSYLKGSSGGPLLCPSGHAVGIFRAAVCTRGVAKAVDFVPVESMETTMRSPVFTDNSSPPAVPQSFQVAHLHAPTGSGKSTKVPAAYAAQGYKVLVLNPSVAATLGFGAYMSKAHGIDPNIRTGVRTITTGAPVTYSTYGKFLADGGCSGGAYDIIICDECHSTDSTTILGIGTVLDQAETAGARLVVLATATPPGSVTVPHPNIEEVALSNTGEIPFYGKAIPIEAIRGGRHLIFCHSKKKCDELAAKLSGLGINAVAYYRGLDVSVIPTIGDVVVVATDALMTGYTGDFDSVIDCNTCVTQTVDFSLDPTFTIETTTVPQDAVSRSQRRGRTGRGRRGIYRFVTPGERPSGMFDSSVLCECYDAGCAWYELTPAETSVRLRAYLNTPGLPVCQDHLEFWESVFTGLTHIDAHFLSQTKQAGDNFPYLVAYQATVCARAQAPPPSWDQMWKCLIRLKPTLHGPTPLLYRLGAVQNEVTLTHPITKYIMACMSADLEVVT	000000000000000000000000000000000000000000000000000000000000000000000000000000000000000000000000000000000000000000000000000000000000000000000000000000000000000000000000000000000000000000000000000000000000000000000000000000000000000000000000000000000000000000000000111000000000000000000000010000000000000101100100000000000000000000001000000000000000000000000000000000000000000000000000000000000000000000011100000000000000000000110000000000000000010100100000000000000010100000000000000010000000000000000000000000000000000000000000000000011000000000000000000000000000000000000000000000000100101000000000000000000000000000000000000000000000000000000000000000000000000000	1
GPLGSARRLYVGNIPFGITEEAMMDFFNAQMRLGGLTQAPGNPVLAVQINQDKNFAFLEFRSVDETTQAMAFDGIIFQGQSLKIRRPHDYQPLPGAHKLFIGGLPNYLNDDQVKELLTSFGPLKAFNLVKDSATGLSKGYAFCEYVDINVTDQAIAGLNGMQLGDKKLLVQRAS	000000010100000000000000000000000000000000000001110011101010000000000000000000000010111110000000010101100000000000000000000000100001000001110100000000000000000000000110101110	0
GPLGSARRLYVGNIPFGITEEAMMDFFNAQMRLGGLTQAPGNPVLAVQINQDKNFAFLEFRSVDETTQAMAFDGIIFQGQSLKIRRPHDYQPLPGAHKLFIGGLPNYLNDDQVKELLTSFGPLKAFNLVKDSATGLSKGYAFCEYVDINVTDQAIAGLNGMQLGDKKLLVQRAS	000010010100000000000000000000000000000000000000000011001000000000000000000000000010111110000000000000000000000000000000000000000000000000000000000000000000000000000000000000	1
ALEEAPWPPPEGAFVGFVLSRKEPMWADLLALAAARGGRVHRAPEPYKALRDLKEARGLLAKDLSVLALREGLGLPPGDDPMLLAYLLDPSNTTPEGVARRYGGEWTEEAGERAALSERLFANLWGRLEGEERLLWLYREVERPLSAVLAHMEATGVRLDVAYLRAMSLEVAEEIARLEAEVFRLAGHPFNLNSRDQLERVLFDELGLPAIGKTEKTGKRSTRAAVLEALREAHPIVEKILQYRELTKLKSTYIDPLPDLIHPRTGRLHTRFNQTATATGRLSSSDPNLQNIPVRTPLGQRIRRAFIAEEGWLLVALDYSQIELRVLAHLSGDENLIRVFQEGRDFHTETASWMFGVPREAVDPLMRRAAKTINFGVLYGMSAHRLSQELAIPYEEAQAFIERYFQSFPKVRAWIEKTLEEGRRRGYVETLFGRRRYVPDLEARVKSVREAAERKAFNMPVQGTAADLMKLAMVKLFPRLEEMGARMLLQVHDELVLEAPKERAEAVARLAKEVMEGVYPLAVPLEVEVGIGEDWLSAKE	000000000000000000000000000000000000000000000000000000000000000000000000000000000000000000000000000000000000000000000000000000000000000000000000000000000000000000000000000000000000000000000010111110000000000000111111110011111100100000000000000110011011100100000000000000001001111010111111011111100000001000000000000000000010000000000000000000000000000000000000000000010011001101111101100110000100000000000000000000000000000000000000000100000000011001100110010001000000000000000000000000000011110000000000000000000000000000000000000000000010	0
ALEEAPWPPPEGAFVGFVLSRKEPMWADLLALAAARGGRVHRAPEPYKALRDLKEARGLLAKDLSVLALREGLGLPPGDDPMLLAYLLDPSNTTPEGVARRYGGEWTEEAGERAALSERLFANLWGRLEGEERLLWLYREVERPLSAVLAHMEATGVRLDVAYLRAMSLEVAEEIARLEAEVFRLAGHPFNLNSRDQLERVLFDELGLPAIGKTEKTGKRSTRAAVLEALREAHPIVEKILQYRELTKLKSTYIDPLPDLIHPRTGRLHTRFNQTATATGRLSSSDPNLQNIPVRTPLGQRIRRAFIAEEGWLLVALDYSQIELRVLAHLSGDENLIRVFQEGRDFHTETASWMFGVPREAVDPLMRRAAKTINFGVLYGMSAHRLSQELAIPYEEAQAFIERYFQSFPKVRAWIEKTLEEGRRRGYVETLFGRRRYVPDLEARVKSVREAAERKAFNMPVQGTAADLMKLAMVKLFPRLEEMGARMLLQVHDELVLEAPKERAEAVARLAKEVMEGVYPLAVPLEVEVGIGEDWLSAKE	000000000000000000000000000000000000000000000000000000000000000000000000000000000000000000000000000000000000000000000000000000000000000000000000000000000000000000000000000000000000000000000000000000000000000000000001000000000000000000000000000000010000000000000000000000000000110000000000011000000000000000000000000000000000000000000000000000000000000000000000000000000000000000111101100000000110000000000000000000000000000000000000000100000000001000000100010001000000000000000000000000000000000000000000000000000000000000000000000000000000	1
